Category|Ability|ActivatableAbility|AlwaysPrimary|AssetGuid|AssetGuidThreadSafe|AttackBonusStat|AttackRange|AttackType|BaseDamage|CanChangeVisual|CasterLevel|Category|Charges|Comment|ComponentsArray|Cost|CountAsDouble|CR|CriticalModifier|CriticalRollEdge|Damage|DamageType|DC|DefaultNonIdentifiedDescription|DefaultNonIdentifiedName|Description|Destructible|Double|ElementsArray|Enchantments|EquipmentEntity|EquipmentEntityAlternatives|Errors|FighterGroup|FlavorText|ForcedRampColorPresetIndex|ForceStackable|GainAbility|HasErrors|HasNoDamage|HideAbilityInfo|Icon|IdentifyDC|InventoryEquipSound|InventoryPutSound|InventoryTakeSound|IsDamageDiceOverridden|IsJunk|IsLight|IsMagic|IsMasterwork|IsMelee|IsMonk|IsNatural|IsNonRemovable|IsNotable|IsOnlyMasterwork|IsRanged|IsTwoHanded|IsUnarmed|ItemType|KeepInPolymorph|m_AllElements|m_AlwaysPrimary|m_CanChangeVisual|m_DamageDice|m_DamageType|m_Enchantments|m_IsCanChangeVisualOverriden|m_OverrideDamageDice|m_OverrideDamageType|m_OverrideDestructible|m_OverrideShardItem|m_SecondWeapon|m_Size|m_Type|m_VisualParameters|m_Weight|MiscellaneousType|name|Name|NameForAcronym|NeedSkinningForCollect|NonIdentifiedDescription|NonIdentifiedName|PrototypeLink|RestoreChargesOnRest|SecondWeapon|SellPrice|ShardItem|ShowDestructibleField|Size|SpellLevel|SpendCharges|SubtypeDescription|SubtypeName|TrashLootTypes|Type|UseShardItem|UseWhileCanComponents|VisualParameters|Weight
Weapon|null|null|False|46e685e26290d2c468d96439198e6896|46e685e26290d2c468d96439198e6896|Strength|2 pieds.|Melee|1d6|True|1|Kama|1||[]|4|False|0|X2|20|1d6|Slashing damage|11||Kama||True|False|[]|[]|null|[]|[]|BladesLight, Monk||0|False|False|False|False|False|KamaCommon_RT_4 (UnityEngine.Sprite)|0|SwordEquip|AxePut|AxeTake|False|False|True|False|False|True|True|False|False|False|False|False|False|False|Weapon|False|[]|False|False|0|Slashing damage|[]|False|False|False|False|False||Medium|f5872eb0deb3a1b48a36549f8d92c19e|Kingmaker.Blueprints.Items.Weapons.WeaponVisualParameters|0|None|StandardKama|Kama|StandardKama|False||Kama|null|False|null|1|[BlueprintItem: MetalShardItem]|False|Medium|1|True||Kama|[Equipment]|Kama|False|[]|Kingmaker.Blueprints.Items.Weapons.WeaponVisualParameters|2
Weapon|null|null|False|c0ce1d36d1d3ae246a7587bb17296f07|c0ce1d36d1d3ae246a7587bb17296f07|Strength|2 pieds.|Melee|1d6|True|1|Nunchaku|1||[]|4|False|0|X2|20|1d6|Bludgeoning damage|11||Nunchaku||True|False|[]|[]|null|[]|[]|Flails, Monk||0|False|False|False|False|False|OH_NunchakuMonkMasterwork_Masterwork_LT_6 (UnityEngine.Sprite)|0|FlailEquip|FlailPut|FlailTake|False|False|True|False|False|True|True|False|False|False|False|False|False|False|Weapon|False|[]|False|False|0|Slashing damage|[]|False|False|False|False|False||Medium|4703b4c0922142f4cbe8895c10a47a9f|Kingmaker.Blueprints.Items.Weapons.WeaponVisualParameters|0|None|StandardNunchaku|Nunchaku|StandardNunchaku|False||Nunchaku|null|False|null|1|[BlueprintItem: MetalShardItem]|False|Medium|1|True||Nunchaku|[Equipment]|Nunchaku|False|[]|Kingmaker.Blueprints.Items.Weapons.WeaponVisualParameters|2
Weapon|null|null|False|d60d0d4c78570ef408a0402f9d4313a6|d60d0d4c78570ef408a0402f9d4313a6|Strength|2 pieds.|Melee|1d4|True|1|Sai|1||[]|4|False|0|X2|20|1d4|Bludgeoning damage|11||Sai||True|False|[]|[]|null|[]|[]|Monk||0|False|False|False|False|False|SaiThievesMasterwork (UnityEngine.Sprite)|0|SwordEquip|DaggerPut|DaggerTake|False|False|True|False|False|True|True|False|False|False|False|False|False|False|Weapon|False|[]|False|False|0|Slashing damage|[]|False|False|False|False|False||Medium|0944f411666c7594aa1398a7476ecf7d|Kingmaker.Blueprints.Items.Weapons.WeaponVisualParameters|0|None|StandardSai|Sai|StandardSai|False||Sai|null|False|null|1|[BlueprintItem: MetalShardItem]|False|Medium|1|True||Sai|[Equipment]|Sai|False|[]|Kingmaker.Blueprints.Items.Weapons.WeaponVisualParameters|1
Weapon|null|null|False|07531989333442348b7d0102b24af236|07531989333442348b7d0102b24af236|Strength|2 pieds.|Melee|1d10|True|1|BastardSword|1||[]|36|False|0|X2|19|1d10|Slashing damage|11||Épée bâtarde||True|False|[]|[]|null|[]|[]|BladesHeavy||0|False|False|False|False|False|SwordBastardArmy (UnityEngine.Sprite)|0|SwordEquip|SwordPut|SwordTake|False|False|False|False|False|True|False|False|False|False|False|False|False|False|Weapon|False|[]|False|False|0|Slashing damage|[]|False|False|False|False|False||Medium|d2fe2c5516b56f04da1d5ea51ae3ddfe|Kingmaker.Blueprints.Items.Weapons.WeaponVisualParameters|0|None|StandardBastardSword|Épée bâtarde|StandardBastardSword|False||Épée bâtarde|null|False|null|9|[BlueprintItem: MetalShardItem]|False|Medium|1|True||Épée bâtarde|[Equipment]|BastardSword|False|[]|Kingmaker.Blueprints.Items.Weapons.WeaponVisualParameters|6
Weapon|null|null|False|4697667a33a6774489e5265a955675a5|4697667a33a6774489e5265a955675a5|Strength|2 pieds.|Melee|1d8|True|1|DuelingSword|1||[]|20|False|0|X2|19|1d8|Slashing damage|11||Épée de duel||True|False|[]|[]|null|[]|[]|BladesHeavy||0|False|False|False|False|False|SwordDuelingAldoriMasterwork (UnityEngine.Sprite)|0|SwordEquip|SwordPut|SwordTake|False|False|False|False|False|True|False|False|False|False|False|False|False|False|Weapon|False|[]|False|False|0|Slashing damage|[]|False|False|False|False|False||Medium|a6f7e3dc443ff114ba68b4648fd33e9f|Kingmaker.Blueprints.Items.Weapons.WeaponVisualParameters|0|None|StandardDuelingSword|Épée de duel|StandardDuelingSword|False||Épée de duel|null|False|null|5|[BlueprintItem: MetalShardItem]|False|Medium|1|True||Épée de duel|[Equipment]|DuelingSword|False|[]|Kingmaker.Blueprints.Items.Weapons.WeaponVisualParameters|3
Weapon|null|null|False|30711e40771796340ac67172abfd3279|30711e40771796340ac67172abfd3279|Strength|2 pieds.|Melee|1d10|True|1|DwarvenWaraxe|1||[]|32|False|0|X3|20|1d10|Slashing damage|11||Hache de guerre naine||True|False|[]|[]|null|[]|[]|Axes||0|False|False|False|False|False|WaraxeArmyDwarvenNormal_LT_4 (UnityEngine.Sprite)|0|SwordEquip|AxePut|AxeTake|False|False|False|False|False|True|False|False|False|False|False|False|False|False|Weapon|False|[]|False|False|0|Slashing damage|[]|False|False|False|False|False||Medium|a6925f5f897801449a648d865637e5a0|Kingmaker.Blueprints.Items.Weapons.WeaponVisualParameters|0|None|StandardDwarvenWaraxe|Hache de guerre naine|StandardDwarvenWaraxe|False||Hache de guerre naine|null|False|null|8|[BlueprintItem: MetalShardItem]|False|Medium|1|True||Hache de guerre naine|[Equipment]|DwarvenWaraxe|False|[]|Kingmaker.Blueprints.Items.Weapons.WeaponVisualParameters|8
Weapon|null|null|False|4c863a47d69b63647b3b16bbb01d5ba8|4c863a47d69b63647b3b16bbb01d5ba8|Strength|2 pieds.|Melee|2d4|True|1|Estoc|1||[]|52|False|0|X2|18|2d4|Piercing damage|11||Estoc||True|False|[]|[]|null|[]|[]|BladesHeavy||0|False|False|False|False|False|EstocElven (UnityEngine.Sprite)|0|SwordEquip|SwordPut|SwordTake|False|False|False|False|False|True|False|False|False|False|False|False|False|False|Weapon|False|[]|False|False|0|Slashing damage|[]|False|False|False|False|False||Medium|d516765b3c2904e4a939749526a52a9a|Kingmaker.Blueprints.Items.Weapons.WeaponVisualParameters|0|None|StandardEstoc|Estoc|StandardEstoc|False||Estoc|null|False|null|13|[BlueprintItem: MetalShardItem]|False|Medium|1|True||Estoc|[Equipment]|Estoc|False|[]|Kingmaker.Blueprints.Items.Weapons.WeaponVisualParameters|4
Weapon|null|null|False|ee28827188e12a64ba75222b37ac8092|ee28827188e12a64ba75222b37ac8092|Strength|2 pieds.|Melee|1d8|True|1|Falcata|1||[]|20|False|0|X3|19|1d8|Slashing damage|11||Falcata||True|False|[]|[]|null|[]|[]|BladesHeavy||0|False|False|False|False|False|FalcataBandits (UnityEngine.Sprite)|0|SwordEquip|SwordPut|SwordTake|False|False|False|False|False|True|False|False|False|False|False|False|False|False|Weapon|False|[]|False|False|0|Slashing damage|[]|False|False|False|False|False||Medium|1af5621e2ae551e42bd1dd6744d98639|Kingmaker.Blueprints.Items.Weapons.WeaponVisualParameters|0|None|StandardFalcata|Falcata|StandardFalcata|False||Falcata|null|False|null|5|[BlueprintItem: MetalShardItem]|False|Medium|1|True||Falcata|[Equipment]|Falcata|False|[]|Kingmaker.Blueprints.Items.Weapons.WeaponVisualParameters|4
Weapon|null|null|False|b47455bac4f039747ad5e4ddc4e981a4|b47455bac4f039747ad5e4ddc4e981a4|Strength|2 pieds.|Melee|1d6|True|1|Tongi|1||[]|20|False|0|X3|19|1d6|Piercing damage|11||Tongi||True|False|[]|[]|null|[]|[]|Axes||0|False|False|False|False|False|TongiArmyMasterwork_RT_4 (UnityEngine.Sprite)|0|SwordEquip|AxePut|AxeTake|False|False|False|False|False|True|False|False|False|False|False|False|False|False|Weapon|False|[]|False|False|0|Slashing damage|[]|False|False|False|False|False||Medium|13fa38737d46c9e4abc7f4d74aaa59c3|Kingmaker.Blueprints.Items.Weapons.WeaponVisualParameters|0|None|StandardTongi|Tongi|StandardTongi|False||Tongi|null|False|null|5|[BlueprintItem: MetalShardItem]|False|Medium|1|True||Tongi|[Equipment]|Tongi|False|[]|Kingmaker.Blueprints.Items.Weapons.WeaponVisualParameters|4
Weapon|null|null|False|dda1a4f8cbf8ad34ca7845ca17313e86|dda1a4f8cbf8ad34ca7845ca17313e86|Dexterity|50 pieds.|Ranged|1d8|True|1|SlingStaff|1||[]|20|False|0|X3|20|1d8|Bludgeoning damage|11||Bâton de jet||True|False|[]|[StrengthThrown]|null|[]|[]|Thrown||0|False|False|False|False|False|SlingstaffHaflingMasterwork (UnityEngine.Sprite)|0|WeaponWoodEquip|WeaponWoodPut|WeaponWoodTake|False|False|False|False|False|False|False|False|False|False|False|True|True|False|Weapon|False|[]|False|False|0|Slashing damage|[]|False|False|False|False|False||Medium|25da2dc95ed4a6b419608c678f2a9cc3|Kingmaker.Blueprints.Items.Weapons.WeaponVisualParameters|0|None|StandardSlingStaff|Bâton de jet|StandardSlingStaff|False||Bâton de jet|null|False|null|5|[BlueprintItem: WoodShardItem]|False|Medium|1|True||Bâton de jet|[Equipment]|SlingStaff|False|[]|Kingmaker.Blueprints.Items.Weapons.WeaponVisualParameters|3
Weapon|null|null|False|1d9acaa3c344c1244bcea18095652955|1d9acaa3c344c1244bcea18095652955|Strength|2 pieds.|Melee|1d8|True|1|DoubleAxe|1||[]|60|False|0|X3|20|1d8|Slashing damage|11||Hache double orque||True|True|[]|[]|null|[]|[]|Axes, Double||0|False|False|False|False|False|OrcDoubleAxeArmyNormal (UnityEngine.Sprite)|0|SwordEquip|SpearPut|SpearTake|False|False|False|False|False|True|False|False|False|False|False|False|False|False|Weapon|False|[]|False|False|0|Slashing damage|[]|False|False|False|False|False|b4fe35bae9ef0f64182a0345007f8eb0|Medium|87d76c7534506a546a065731ee6a38cd|Kingmaker.Blueprints.Items.Weapons.WeaponVisualParameters|0|None|StandardDoubleAxe|Hache double orque|StandardDoubleAxe|False||Hache double orque|null|False|[BlueprintItemWeapon: StandardDoubleAxeSecond]|15|[BlueprintItem: MetalShardItem]|False|Medium|1|True||Hache double orque|[]|DoubleAxe|False|[]|Kingmaker.Blueprints.Items.Weapons.WeaponVisualParameters|15
Weapon|null|null|False|b665770f14e49bc49999d7c3c11c1d61|b665770f14e49bc49999d7c3c11c1d61|Strength|2 pieds.|Melee|1d8|True|1|DoubleSword|1||[]|100|False|0|X2|19|1d8|Slashing damage|11||Épée double||True|True|[]|[]|null|[]|[]|BladesHeavy, Double||0|False|False|False|False|False|SwordDoubleArmyMasterwork (UnityEngine.Sprite)|0|SwordEquip|SpearPut|SpearTake|False|False|False|False|False|True|False|False|False|False|False|False|False|False|Weapon|False|[]|False|False|0|Slashing damage|[]|False|False|False|False|False|83a19b2e36d74f24daa8978e3a029309|Medium|e95efb85a0912a7489be69d5f03a5308|Kingmaker.Blueprints.Items.Weapons.WeaponVisualParameters|0|None|StandardDoubleSword|Épée double|StandardDoubleSword|False||Épée double|null|False|[BlueprintItemWeapon: StandardDoubleSwordSecond]|25|[BlueprintItem: MetalShardItem]|False|Medium|1|True||Épée double|[]|DoubleSword|False|[]|Kingmaker.Blueprints.Items.Weapons.WeaponVisualParameters|10
Weapon|null|null|False|c20f347c84b6605479c9a7b28ccb236b|c20f347c84b6605479c9a7b28ccb236b|Strength|2 pieds.|Melee|1d8|True|1|Urgrosh|1||[]|52|False|0|X3|20|1d8|Slashing damage|11||Urgrosh nain||True|True|[]|[]|null|[]|[]|Double, Hammers||0|False|False|False|False|False|UrgroshDwarvenArmyMasterwork_RT_3 (UnityEngine.Sprite)|0|SwordEquip|SpearPut|SpearTake|False|False|False|False|False|True|False|False|False|False|False|False|False|False|Weapon|False|[]|False|False|0|Slashing damage|[]|False|False|False|False|False|78e7be71f5e44fb448434217fe2942d1|Medium|0ec97c08fdf87e44f8f16ba87b511743|Kingmaker.Blueprints.Items.Weapons.WeaponVisualParameters|0|None|StandardDwarvenUrgrosh|Urgrosh nain|StandardDwarvenUrgrosh|False||Urgrosh nain|null|False|[BlueprintItemWeapon: StandardDwarvenUrgroshSecond]|13|[BlueprintItem: MetalShardItem]|False|Medium|1|True||Urgrosh nain|[]|DwarvenUrgrosh|False|[]|Kingmaker.Blueprints.Items.Weapons.WeaponVisualParameters|12
Weapon|null|null|False|f58e421cb8b4ed64ba195123df754055|f58e421cb8b4ed64ba195123df754055|Strength|2 pieds.|Melee|1d10|True|1|ElvenCurvedBlade|1||[]|80|False|0|X2|18|1d10|Slashing damage|11||Lame elfique incurvée||True|False|[]|[]|null|[]|[]|BladesHeavy||0|False|False|False|False|False|ElvenCurvedBladeMasterwork_LB_3 (UnityEngine.Sprite)|0|SwordEquip|SwordLargePut|SwordLargeTake|False|False|False|False|False|True|False|False|False|False|False|False|True|False|Weapon|False|[]|False|False|0|Slashing damage|[]|False|False|False|False|False||Medium|b5e6838ad2a62b146b49619bcf9f42aa|Kingmaker.Blueprints.Items.Weapons.WeaponVisualParameters|0|None|StandardElvenCurvedBlade|Lame elfique incurvée|StandardElvenCurvedBlade|False||Lame elfique incurvée|null|False|null|20|[BlueprintItem: MetalShardItem]|False|Medium|1|True||Lame elfique incurvée|[Equipment]|ElvenCurvedBlade|False|[]|Kingmaker.Blueprints.Items.Weapons.WeaponVisualParameters|7
Weapon|null|null|False|c91f331cdf7e331468490323a2e1613d|c91f331cdf7e331468490323a2e1613d|Strength|6 pieds.|Melee|1d10|True|1|Fauchard|1||[]|16|False|0|X2|18|1d10|Slashing damage|11||Fauchard||True|False|[]|[]|null|[]|[]|Polearms||0|False|False|False|False|False|FauchardKnightMasterwork_LT_3 (UnityEngine.Sprite)|0|SwordEquip|SpearPut|SpearTake|False|False|False|False|False|True|False|False|False|False|False|False|True|False|Weapon|False|[]|False|False|0|Slashing damage|[]|False|False|False|False|False||Medium|7a40899c4defec94bb9c291bde74f1a8|Kingmaker.Blueprints.Items.Weapons.WeaponVisualParameters|0|None|StandardFauchard|Fauchard|StandardFauchard|False||Fauchard|null|False|null|4|[BlueprintItem: MetalShardItem]|False|Medium|1|True||Fauchard|[Equipment]|Fauchard|False|[]|Kingmaker.Blueprints.Items.Weapons.WeaponVisualParameters|10
Weapon|null|null|False|238ac092fad27144c9514f82917fbec9|238ac092fad27144c9514f82917fbec9|Strength|2 pieds.|Melee|1d6|True|1|Handaxe|1||[]|8|False|0|X3|20|1d6|Slashing damage|11||Hachette||True|False|[]|[]|null|[]|[]|Axes||0|False|False|False|False|False|HandaxeCommonMasterwork_RT_4 (UnityEngine.Sprite)|0|SwordEquip|AxePut|AxeTake|False|False|True|False|False|True|False|False|False|False|False|False|False|False|Weapon|False|[]|False|False|0|Slashing damage|[]|False|False|False|False|False||Medium|54e7473ff73910c47812fd39c897dc1a|Kingmaker.Blueprints.Items.Weapons.WeaponVisualParameters|0|None|StandardHandaxe|Hachette|StandardHandaxe|False||Hachette|null|False|null|2|[BlueprintItem: MetalShardItem]|False|Medium|1|True||Hachette|[Equipment]|Handaxe|False|[]|Kingmaker.Blueprints.Items.Weapons.WeaponVisualParameters|3
Weapon|null|null|False|3125ac6c819db9f4697312710699b637|3125ac6c819db9f4697312710699b637|Strength|2 pieds.|Melee|1d4|True|1|Kukri|1||[]|8|False|0|X2|18|1d4|Slashing damage|11||Kukri||True|False|[]|[]|null|[]|[]|BladesLight||0|False|False|False|False|False|KukriRangersMasterwork_LT_6 (UnityEngine.Sprite)|0|SwordEquip|DaggerPut|DaggerTake|False|False|True|False|False|True|False|False|False|False|False|False|False|False|Weapon|False|[]|False|False|0|Slashing damage|[]|False|False|False|False|False||Medium|006ecd4715809b343b7001e859e3ddb2|Kingmaker.Blueprints.Items.Weapons.WeaponVisualParameters|0|None|StandardKukri|Kukri|StandardKukri|False||Kukri|null|False|null|2|[BlueprintItem: MetalShardItem]|False|Medium|1|True||Kukri|[Equipment]|Kukri|False|[]|Kingmaker.Blueprints.Items.Weapons.WeaponVisualParameters|2
Weapon|null|null|False|79e044277b90a05448a71ae3bcaf581a|79e044277b90a05448a71ae3bcaf581a|Strength|2 pieds.|Melee|1d4|True|1|LightHammer|1||[]|4|False|0|X2|20|1d4|Bludgeoning damage|11||Marteau léger||True|False|[]|[]|null|[]|[]|Hammers, Thrown||0|False|False|False|False|False|HammerLightArmyNormal_RT_4 (UnityEngine.Sprite)|0|SwordEquip|AxePut|AxeTake|False|False|True|False|False|True|False|False|False|False|False|False|False|False|Weapon|False|[]|False|False|0|Slashing damage|[]|False|False|False|False|False||Medium|bbf7d0ea57e4c9349b65c82abc6787b4|Kingmaker.Blueprints.Items.Weapons.WeaponVisualParameters|0|None|StandardLightHammer|Marteau léger|StandardLightHammer|False||Marteau léger|null|False|null|1|[BlueprintItem: MetalShardItem]|False|Medium|1|True||Marteau léger|[Equipment]|LightHammer|False|[]|Kingmaker.Blueprints.Items.Weapons.WeaponVisualParameters|2
Weapon|null|null|False|f20e85bd5bb8dc74785afc129284bcda|f20e85bd5bb8dc74785afc129284bcda|Strength|2 pieds.|Melee|1d4|True|1|LightPick|1||[]|4|False|0|X4|20|1d4|Piercing damage|11||Pic de guerre léger||True|False|[]|[]|null|[]|[]|Axes||0|False|False|False|False|False|PickLightArmyDirty (UnityEngine.Sprite)|0|SwordEquip|AxePut|AxeTake|False|False|True|False|False|True|False|False|False|False|False|False|False|False|Weapon|False|[]|False|False|0|Slashing damage|[]|False|False|False|False|False||Medium|da922f4cdb60ef548a2ec0168620568a|Kingmaker.Blueprints.Items.Weapons.WeaponVisualParameters|0|None|StandardLightPick|Pic de guerre léger|StandardLightPick|False||Pic de guerre léger|null|False|null|1|[BlueprintItem: MetalShardItem]|False|Medium|1|True||Pic de guerre léger|[Equipment]|LightPick|False|[]|Kingmaker.Blueprints.Items.Weapons.WeaponVisualParameters|3
Weapon|null|null|False|f717b39c351b8b44388c471d4d272f4e|f717b39c351b8b44388c471d4d272f4e|Strength|2 pieds.|Melee|1d6|True|1|Shortsword|1||[]|12|False|0|X2|19|1d6|Piercing damage|11||Épée courte||True|False|[]|[]|null|[]|[]|BladesLight||0|False|False|False|False|False|SwordShortArmy2 (UnityEngine.Sprite)|0|SwordEquip|SwordPut|SwordTake|False|False|True|False|False|True|False|False|False|False|False|False|False|False|Weapon|False|[]|False|False|0|Slashing damage|[]|False|False|False|False|False||Medium|a7da36e0e7bb60e42b9f23462ce2f4fc|Kingmaker.Blueprints.Items.Weapons.WeaponVisualParameters|0|None|StandardShortsword|Épée courte|StandardShortsword|False||Épée courte|null|False|null|3|[BlueprintItem: MetalShardItem]|False|Medium|1|True||Épée courte|[Equipment]|Shortsword|False|[]|Kingmaker.Blueprints.Items.Weapons.WeaponVisualParameters|2
Weapon|null|null|False|b12650bdb547d7e499cdc29e913088cb|b12650bdb547d7e499cdc29e913088cb|Strength|2 pieds.|Melee|1d4|True|1|SpikedLightShield|1||[]|75|False|0|X2|20|1d4|Piercing damage|11||Rondache à pointes||True|False|[]|[]|null|[]|[]|Close||0|False|False|False|False|False|ShieldLightSpikedManticore (UnityEngine.Sprite)|0|ShieldEquip|ShieldPut|ShieldTake|False|False|True|False|False|True|False|False|False|False|False|False|False|False|Weapon|False|[]|False|False|0|Slashing damage|[]|False|False|False|False|False||Medium|98a0dc03586a6d04791901c41700e516|Kingmaker.Blueprints.Items.Weapons.WeaponVisualParameters|0|None|StandardSpikedLightShield|Rondache à pointes|StandardSpikedLightShield|False||Rondache à pointes|null|False|null|18|[BlueprintItem: MetalShardItem]|False|Medium|1|True||Rondache à pointes|[]|SpikedLightShield|False|[]|Kingmaker.Blueprints.Items.Weapons.WeaponVisualParameters|11
Weapon|null|null|False|d19662d357d752447a801951b7bec798|d19662d357d752447a801951b7bec798|Strength|2 pieds.|Melee|1d4|True|1|Starknife|1||[]|24|False|0|X3|20|1d4|Piercing damage|11||Lamétoile||True|False|[]|[]|null|[]|[]|BladesLight, Thrown||0|False|False|False|False|False|StarknifeThievesMasterwork (UnityEngine.Sprite)|0|SwordEquip|SwordPut|SwordTake|False|False|True|False|False|True|False|False|False|False|False|False|False|False|Weapon|False|[]|False|False|0|Slashing damage|[]|False|False|False|False|False||Medium|5a939137fc039084580725b2b0845c3f|Kingmaker.Blueprints.Items.Weapons.WeaponVisualParameters|0|None|StandardStarknife|Lamétoile|StandardStarknife|False||Lamétoile|null|False|null|6|[BlueprintItem: MetalShardItem]|False|Medium|1|True||Lamétoile|[Equipment]|Starknife|False|[]|Kingmaker.Blueprints.Items.Weapons.WeaponVisualParameters|3
Weapon|null|null|False|b9ed902d07b622b4f8ec223808f754c1|b9ed902d07b622b4f8ec223808f754c1|Dexterity|30 pieds.|Ranged|1d6|True|1|ThrowingAxe|1||[]|8|False|0|X2|20|1d6|Slashing damage|11||Hache de lancer||True|False|[]|[StrengthThrown]|null|[]|[]|Axes, Thrown||0|False|False|False|False|False|ThrowingAxeBarbarian (UnityEngine.Sprite)|0|SwordEquip|AxePut|AxeTake|False|False|True|False|False|False|False|False|False|False|False|True|False|False|Weapon|False|[]|False|False|0|Slashing damage|[]|False|False|False|False|False||Medium|ca131c71f4fefcb48b30b5991520e01d|Kingmaker.Blueprints.Items.Weapons.WeaponVisualParameters|0|None|StandardThrowingAxe|Hache de lancer|StandardThrowingAxe|False||Hache de lancer|null|False|null|2|[BlueprintItem: MetalShardItem]|False|Medium|1|True||Hache de lancer|[Equipment]|ThrowingAxe|False|[]|Kingmaker.Blueprints.Items.Weapons.WeaponVisualParameters|2
Weapon|null|null|False|62c90581f9892e9468f0d8229c7321c4|62c90581f9892e9468f0d8229c7321c4|Strength|2 pieds.|Melee|1d4|True|1|WeaponLightShield|1||[]|0|False|0|X2|20|1d4|Bludgeoning damage|11||Rondache||True|False|[]|[]|null|[]|[]|Close||0|False|False|False|False|False|ShieldLightSpikedManticore (UnityEngine.Sprite)|0|ShieldEquip|ShieldPut|ShieldTake|False|False|True|False|False|True|False|False|False|False|False|False|False|False|Weapon|False|[]|False|False|0|Slashing damage|[]|False|False|False|False|False||Medium|1fd965e522502fe479fdd423cca07684|Kingmaker.Blueprints.Items.Weapons.WeaponVisualParameters|0|None|StandardWeaponLightShield|Rondache|StandardWeaponLightShield|False||Rondache|null|False|null|0|[BlueprintItem: MetalShardItem]|False|Medium|1|True||Rondache|[]|WeaponLightShield|False|[]|Kingmaker.Blueprints.Items.Weapons.WeaponVisualParameters|6
Weapon|null|null|False|6080738f7e97b5646980a0efad2da676|6080738f7e97b5646980a0efad2da676|Strength|2 pieds.|Melee|1d8|True|1|Battleaxe|1||[]|12|False|0|X3|20|1d8|Slashing damage|11||Hache d'armes||True|False|[]|[]|null|[]|[]|Axes||0|False|False|False|False|False|BattleaxeArmyNormal_RT_3 (UnityEngine.Sprite)|0|SwordEquip|AxePut|AxeTake|False|False|False|False|False|True|False|False|False|False|False|False|False|False|Weapon|False|[]|False|False|0|Slashing damage|[]|False|False|False|False|False||Medium|2bc77aa47f97de348aefcf03ec8fa43b|Kingmaker.Blueprints.Items.Weapons.WeaponVisualParameters|0|None|StandardBattleaxe|Hache d'armes|StandardBattleaxe|False||Hache d'armes|null|False|null|3|[BlueprintItem: MetalShardItem]|False|Medium|1|True||Hache d'armes|[Equipment]|Battleaxe|False|[]|Kingmaker.Blueprints.Items.Weapons.WeaponVisualParameters|6
Weapon|null|null|False|8bdfa4f81bbc7b540919d770095720be|8bdfa4f81bbc7b540919d770095720be|Strength|2 pieds.|Melee|1d8|True|1|Flail|1||[]|8|False|0|X2|20|1d8|Bludgeoning damage|11||Fléau d'armes léger||True|False|[]|[]|null|[]|[]|Flails, Hammers||0|False|False|False|False|False|FlailHeavyKnightNormal (UnityEngine.Sprite)|0|FlailEquip|FlailPut|FlailTake|False|False|False|False|False|True|False|False|False|False|False|False|False|False|Weapon|False|[]|False|False|0|Slashing damage|[]|False|False|False|False|False||Medium|bf1e53f7442ed0c43bf52d3abe55e16a|Kingmaker.Blueprints.Items.Weapons.WeaponVisualParameters|0|None|StandardFlail|Fléau d'armes léger|StandardFlail|False||Fléau d'armes léger|null|False|null|2|[BlueprintItem: MetalShardItem]|False|Medium|1|True||Fléau d'armes léger|[Equipment]|Flail|False|[]|Kingmaker.Blueprints.Items.Weapons.WeaponVisualParameters|5
Weapon|null|null|False|e7d3a58b4eb3d7e419ab4cc40f283a32|e7d3a58b4eb3d7e419ab4cc40f283a32|Strength|2 pieds.|Melee|1d6|True|1|HeavyPick|1||[]|8|False|0|X4|20|1d6|Piercing damage|11||Pic de guerre lourd||True|False|[]|[]|null|[]|[]|Axes||0|False|False|False|False|False|PickHeavyCommon (UnityEngine.Sprite)|0|SwordEquip|SpearPut|SpearTake|False|False|False|False|False|True|False|False|False|False|False|False|False|False|Weapon|False|[]|False|False|0|Slashing damage|[]|False|False|False|False|False||Medium|a492410f3d65f744c892faf09daad84a|Kingmaker.Blueprints.Items.Weapons.WeaponVisualParameters|0|None|StandardHeavyPick|Pic de guerre lourd|StandardHeavyPick|False||Pic de guerre lourd|null|False|null|2|[BlueprintItem: MetalShardItem]|False|Medium|1|True||Pic de guerre lourd|[Equipment]|HeavyPick|False|[]|Kingmaker.Blueprints.Items.Weapons.WeaponVisualParameters|6
Weapon|null|null|False|6fd0a849531617844b195f452661b2cd|6fd0a849531617844b195f452661b2cd|Strength|2 pieds.|Melee|1d8|True|1|Longsword|1||[]|16|False|0|X2|19|1d8|Slashing damage|11||Épée longue||True|False|[]|[]|null|[]|[]|BladesHeavy||0|False|False|False|False|False|LongswordThieves (UnityEngine.Sprite)|0|SwordEquip|SwordPut|SwordTake|False|False|False|False|False|True|False|False|False|False|False|False|False|False|Weapon|False|[]|False|False|0|Slashing damage|[]|False|False|False|False|False||Medium|d56c44bc9eb10204c8b386a02c7eed21|Kingmaker.Blueprints.Items.Weapons.WeaponVisualParameters|0|None|StandardLongsword|Épée longue|StandardLongsword|False||Épée longue|null|False|null|4|[BlueprintItem: MetalShardItem]|False|Medium|1|True||Épée longue|[Equipment]|Longsword|False|[]|Kingmaker.Blueprints.Items.Weapons.WeaponVisualParameters|4
Weapon|null|null|False|1546a05eb151d424eb9132832d5511bb|1546a05eb151d424eb9132832d5511bb|Strength|2 pieds.|Melee|1d6|True|1|Rapier|1||[]|20|False|0|X2|18|1d6|Piercing damage|11||Rapière||True|False|[]|[]|null|[]|[]|BladesLight||0|False|False|False|False|False|RapairArmyMasterwork (UnityEngine.Sprite)|0|SwordEquip|SwordPut|SwordTake|False|False|False|False|False|True|False|False|False|False|False|False|False|False|Weapon|False|[]|False|False|0|Slashing damage|[]|False|False|False|False|False||Medium|2ece38f30500f454b8569136221e55b0|Kingmaker.Blueprints.Items.Weapons.WeaponVisualParameters|0|None|StandardRapier|Rapière|StandardRapier|False||Rapière|null|False|null|5|[BlueprintItem: MetalShardItem]|False|Medium|1|True||Rapière|[Equipment]|Rapier|False|[]|Kingmaker.Blueprints.Items.Weapons.WeaponVisualParameters|2
Weapon|null|null|False|5363519e36752d84698e03a86fb33afb|5363519e36752d84698e03a86fb33afb|Strength|2 pieds.|Melee|1d6|True|1|Scimitar|1||[]|16|False|0|X2|18|1d6|Slashing damage|11||Cimeterre||True|False|[]|[]|null|[]|[]|BladesHeavy||0|False|False|False|False|False|ScimitarBandits (UnityEngine.Sprite)|0|SwordEquip|SwordPut|SwordTake|False|False|False|False|False|True|False|False|False|False|False|False|False|False|Weapon|False|[]|False|False|0|Slashing damage|[]|False|False|False|False|False||Medium|d9fbec4637d71bd4ebc977628de3daf3|Kingmaker.Blueprints.Items.Weapons.WeaponVisualParameters|0|None|StandardScimitar|Cimeterre|StandardScimitar|False||Cimeterre|null|False|null|4|[BlueprintItem: MetalShardItem]|False|Medium|1|True||Cimeterre|[Equipment]|Scimitar|False|[]|Kingmaker.Blueprints.Items.Weapons.WeaponVisualParameters|4
Weapon|null|null|False|7c8f6712c444cf446a4bd3b8b717cb5c|7c8f6712c444cf446a4bd3b8b717cb5c|Strength|2 pieds.|Melee|1d6|True|1|SpikedHeavyShield|1||[]|75|False|0|X2|20|1d6|Piercing damage|11||Écu à pointes||True|False|[]|[]|null|[]|[]|Close||0|False|False|False|False|False|ShieldHeavyArmySpiked (UnityEngine.Sprite)|0|ShieldEquip|ShieldPut|ShieldTake|False|False|False|False|False|True|False|False|False|False|False|False|False|False|Weapon|False|[]|False|False|0|Slashing damage|[]|False|False|False|False|False||Medium|a1b85d048fb5003438f34356df938a9f|Kingmaker.Blueprints.Items.Weapons.WeaponVisualParameters|0|None|StandardSpikedHeavyShield|Écu à pointes|StandardSpikedHeavyShield|False||Écu à pointes|null|False|null|18|[BlueprintItem: MetalShardItem]|False|Medium|1|True||Écu à pointes|[]|SpikedHeavyShield|False|[]|Kingmaker.Blueprints.Items.Weapons.WeaponVisualParameters|20
Weapon|null|null|False|231f325de2b32dd4585707f8d0c87af3|231f325de2b32dd4585707f8d0c87af3|Strength|2 pieds.|Melee|1d8|True|1|Trident|1||[]|16|False|0|X2|20|1d8|Piercing damage|11||Trident||True|False|[]|[]|null|[]|[]|Polearms, Spears||0|False|False|False|False|False|TridentArmyNormal (UnityEngine.Sprite)|0|SwordEquip|SpearPut|SpearTake|False|False|False|False|False|True|False|False|False|False|False|False|False|False|Weapon|False|[]|False|False|0|Slashing damage|[]|False|False|False|False|False||Medium|6ff66364e0a2c89469c2e52ebb46365e|Kingmaker.Blueprints.Items.Weapons.WeaponVisualParameters|0|None|StandardTrident|Trident|StandardTrident|False||Trident|null|False|null|4|[BlueprintItem: MetalShardItem]|False|Medium|1|True||Trident|[Equipment]|Trident|False|[]|Kingmaker.Blueprints.Items.Weapons.WeaponVisualParameters|4
Weapon|null|null|False|3f35d5c01e11d564daa59938dec3db4b|3f35d5c01e11d564daa59938dec3db4b|Strength|2 pieds.|Melee|1d8|True|1|Warhammer|1||[]|12|False|0|X3|20|1d8|Bludgeoning damage|11||Marteau de guerre||True|False|[]|[]|null|[]|[]|Hammers||0|False|False|False|False|False|WarhammerArmy_RT_4 (UnityEngine.Sprite)|0|SwordEquip|SpearPut|SpearTake|False|False|False|False|False|True|False|False|False|False|False|False|False|False|Weapon|False|[]|False|False|0|Slashing damage|[]|False|False|False|False|False||Medium|fac41e149f49cba4a8e06ce39b41a6fa|Kingmaker.Blueprints.Items.Weapons.WeaponVisualParameters|0|None|StandardWarhammer|Marteau de guerre|StandardWarhammer|False||Marteau de guerre|null|False|null|3|[BlueprintItem: MetalShardItem]|False|Medium|1|True||Marteau de guerre|[Equipment]|Warhammer|False|[]|Kingmaker.Blueprints.Items.Weapons.WeaponVisualParameters|5
Weapon|null|null|False|ff8047f887565284e93773b4a698c393|ff8047f887565284e93773b4a698c393|Strength|2 pieds.|Melee|1d6|True|1|WeaponHeavyShield|1||[]|0|False|0|X2|20|1d6|Bludgeoning damage|11||Écu||True|False|[]|[]|null|[]|[]|Close||0|False|False|False|False|False|ShieldHeavyArmySpiked (UnityEngine.Sprite)|0|ShieldEquip|ShieldPut|ShieldTake|False|False|False|False|False|True|False|False|False|False|False|False|False|False|Weapon|False|[]|False|False|0|Slashing damage|[]|False|False|False|False|False||Medium|be9b6408e6101cb4997a8996484baf19|Kingmaker.Blueprints.Items.Weapons.WeaponVisualParameters|0|None|StandardWeaponHeavyShield|Écu|StandardWeaponHeavyShield|False||Écu|null|False|null|0|[BlueprintItem: MetalShardItem]|False|Medium|1|True||Écu|[]|WeaponHeavyShield|False|[]|Kingmaker.Blueprints.Items.Weapons.WeaponVisualParameters|0
Weapon|null|null|False|d23f6f5d3cbf715488b1f73e130dca99|d23f6f5d3cbf715488b1f73e130dca99|Dexterity|50 pieds.|Ranged|1d8|True|1|Longbow|1||[]|400|False|0|X3|20|1d8|Piercing damage|11||Arc long composite||True|False|[]|[StrengthComposite]|null|[]|[]|Bows||0|False|False|False|False|False|LongbowArmy (UnityEngine.Sprite)|0|BowEquip|BowPut|BowTake|False|False|False|False|False|False|False|False|False|False|False|True|True|False|Weapon|False|[]|False|False|0|Slashing damage|[]|False|False|False|False|False||Medium|1ac79088a7e5dde46966636a3ac71c35|Kingmaker.Blueprints.Items.Weapons.WeaponVisualParameters|0|None|StandardCompositeLongbow|Arc long composite|StandardCompositeLongbow|False||Arc long composite|null|False|null|100|[BlueprintItem: WoodShardItem]|False|Medium|1|True||Arc long composite|[Equipment]|CompositeLongbow|False|[]|Kingmaker.Blueprints.Items.Weapons.WeaponVisualParameters|3
Weapon|null|null|False|2ae1cfe7ea8e60d459948193b6a0f7fe|2ae1cfe7ea8e60d459948193b6a0f7fe|Dexterity|40 pieds.|Ranged|1d6|True|1|Shortbow|1||[]|200|False|0|X3|20|1d6|Piercing damage|11||Arc court composite||True|False|[]|[StrengthComposite]|null|[]|[]|Bows||0|False|False|False|False|False|ShortbowCommon (UnityEngine.Sprite)|0|BowEquip|BowPut|BowTake|False|False|False|False|False|False|False|False|False|False|False|True|True|False|Weapon|False|[]|False|False|0|Slashing damage|[]|False|False|False|False|False||Medium|011f6f86a0b16df4bbf7f40878c3e80b|Kingmaker.Blueprints.Items.Weapons.WeaponVisualParameters|0|None|StandardCompositeShortbow|Arc court composite|StandardCompositeShortbow|False||Arc court composite|null|False|null|50|[BlueprintItem: WoodShardItem]|False|Medium|1|True||Arc court composite|[Equipment]|CompositeShortbow|False|[]|Kingmaker.Blueprints.Items.Weapons.WeaponVisualParameters|2
Weapon|null|null|False|201f6150321e09048bd59e9b7f558cb0|201f6150321e09048bd59e9b7f558cb0|Dexterity|50 pieds.|Ranged|1d8|True|1|Longbow|1||[]|76|False|0|X3|20|1d8|Piercing damage|11||Arc long||True|False|[]|[]|null|[]|[]|Bows||0|False|False|False|False|False|TH_LongbowArmy_LT_6 (UnityEngine.Sprite)|0|BowEquip|BowPut|BowTake|False|False|False|False|False|False|False|False|False|False|False|True|True|False|Weapon|False|[]|False|False|0|Slashing damage|[]|False|False|False|False|False||Medium|7a1211c05ec2c46428f41e3c0db9423f|Kingmaker.Blueprints.Items.Weapons.WeaponVisualParameters|0|None|StandardLongbow|Arc long|StandardLongbow|False||Arc long|null|False|null|19|[BlueprintItem: WoodShardItem]|False|Medium|1|True||Arc long|[Equipment]|Longbow|False|[]|Kingmaker.Blueprints.Items.Weapons.WeaponVisualParameters|3
Weapon|null|null|False|6d40d84e239bdf345b349ff52e3c00a9|6d40d84e239bdf345b349ff52e3c00a9|Dexterity|40 pieds.|Ranged|1d6|True|1|Shortbow|1||[]|32|False|0|X3|20|1d6|Piercing damage|11||Arc court||True|False|[]|[]|null|[]|[]|Bows||0|False|False|False|False|False|ShortbowSimple_LT_4 (UnityEngine.Sprite)|0|BowEquip|BowPut|BowTake|False|False|False|False|False|False|False|False|False|False|False|True|True|False|Weapon|False|[]|False|False|0|Slashing damage|[]|False|False|False|False|False||Medium|99ce02fb54639b5439d07c99c55b8542|Kingmaker.Blueprints.Items.Weapons.WeaponVisualParameters|0|None|StandardShortbow|Arc court|StandardShortbow|False||Arc court|null|False|null|8|[BlueprintItem: WoodShardItem]|False|Medium|1|True||Arc court|[Equipment]|Shortbow|False|[]|Kingmaker.Blueprints.Items.Weapons.WeaponVisualParameters|2
Weapon|null|null|False|5bfdaaa6416cc604cba121d003db11ef|5bfdaaa6416cc604cba121d003db11ef|Strength|6 pieds.|Melee|1d10|True|1|Bardiche|1||[]|12|False|0|X2|19|1d10|Slashing damage|11||Bardiche||True|False|[]|[]|null|[]|[]|Axes, Polearms||0|False|False|False|False|False|BardicheArmyNormal_LB_3 (UnityEngine.Sprite)|0|SwordEquip|SwordLargePut|SwordLargeTake|False|False|False|False|False|True|False|False|False|False|False|False|True|False|Weapon|False|[]|False|False|0|Slashing damage|[]|False|False|False|False|False||Medium|b1cbf457fd471d148b39ae56667f405a|Kingmaker.Blueprints.Items.Weapons.WeaponVisualParameters|0|None|StandardBardiche|Bardiche|StandardBardiche|False||Bardiche|null|False|null|3|[BlueprintItem: MetalShardItem]|False|Medium|1|True||Bardiche|[Equipment]|Bardiche|False|[]|Kingmaker.Blueprints.Items.Weapons.WeaponVisualParameters|14
Weapon|null|null|False|fc47ddc975f1f804bbef320e1c574cd7|fc47ddc975f1f804bbef320e1c574cd7|Strength|2 pieds.|Melee|2d6|True|1|EarthBreaker|1||[]|40|False|0|X3|20|2d6|Bludgeoning damage|11||Brise-terre||True|False|[]|[]|null|[]|[]|Hammers||0|False|False|False|False|False|EarthbreakerArmyNormal (UnityEngine.Sprite)|0|SwordEquip|SwordLargePut|SwordLargeTake|False|False|False|False|False|True|False|False|False|False|False|False|True|False|Weapon|False|[]|False|False|0|Slashing damage|[]|False|False|False|False|False||Medium|54e960775daa4714fa52e0954d8cf862|Kingmaker.Blueprints.Items.Weapons.WeaponVisualParameters|0|None|StandardEarthBreaker|Brise-terre|StandardEarthBreaker|False||Brise-terre|null|False|null|10|[BlueprintItem: MetalShardItem]|False|Medium|1|True||Brise-terre|[Equipment]|EarthBreaker|False|[]|Kingmaker.Blueprints.Items.Weapons.WeaponVisualParameters|14
Weapon|null|null|False|0f0e6834458d01049a408cd304053b1b|0f0e6834458d01049a408cd304053b1b|Strength|2 pieds.|Melee|2d4|True|1|Falchion|1||[]|76|False|0|X2|18|2d4|Slashing damage|11||Cimeterre à deux mains||True|False|[]|[]|null|[]|[]|BladesHeavy||0|False|False|False|False|False|FalchionArmy (UnityEngine.Sprite)|0|SwordEquip|SwordLargePut|SwordLargeTake|False|False|False|False|False|True|False|False|False|False|False|False|True|False|Weapon|False|[]|False|False|0|Slashing damage|[]|False|False|False|False|False||Medium|6ddc9acbbb6e40746a6a1671df1f7b47|Kingmaker.Blueprints.Items.Weapons.WeaponVisualParameters|0|None|StandardFalchion|Cimeterre à deux mains|StandardFalchion|False||Cimeterre à deux mains|null|False|null|19|[BlueprintItem: MetalShardItem]|False|Medium|1|True||Cimeterre à deux mains|[Equipment]|Falchion|False|[]|Kingmaker.Blueprints.Items.Weapons.WeaponVisualParameters|8
Weapon|null|null|False|f83415c0e7ea1994d8a7f3dec8f5a861|f83415c0e7ea1994d8a7f3dec8f5a861|Strength|6 pieds.|Melee|1d10|True|1|Glaive|1||[]|8|False|0|X3|20|1d10|Slashing damage|11||Coutille||True|False|[]|[]|null|[]|[]|Polearms||0|False|False|False|False|False|GlaiveBandits_RB_3 (UnityEngine.Sprite)|0|SwordEquip|SpearPut|SpearTake|False|False|False|False|False|True|False|False|False|False|False|False|True|False|Weapon|False|[]|False|False|0|Slashing damage|[]|False|False|False|False|False||Medium|7a14a1b224cd173449cb7ffc77d5f65c|Kingmaker.Blueprints.Items.Weapons.WeaponVisualParameters|0|None|StandardGlaive|Coutille|StandardGlaive|False||Coutille|null|False|null|2|[BlueprintItem: MetalShardItem]|False|Medium|1|True||Coutille|[Equipment]|Glaive|False|[]|Kingmaker.Blueprints.Items.Weapons.WeaponVisualParameters|10
Weapon|null|null|False|6efea466862f014469cec6c3f2b85cb7|6efea466862f014469cec6c3f2b85cb7|Strength|2 pieds.|Melee|1d12|True|1|Greataxe|1||[]|20|False|0|X3|20|1d12|Slashing damage|11||Grande hache||True|False|[]|[]|null|[]|[]|Axes||0|False|False|False|False|False|GreataxeArmyNormal (UnityEngine.Sprite)|0|SwordEquip|SpearPut|SpearTake|False|False|False|False|False|True|False|False|False|False|False|False|True|False|Weapon|False|[]|False|False|0|Slashing damage|[]|False|False|False|False|False||Medium|e8059a8eac62cd74f9171d748a5ae428|Kingmaker.Blueprints.Items.Weapons.WeaponVisualParameters|0|None|StandardGreataxe|Grande hache|StandardGreataxe|False||Grande hache|null|False|null|5|[BlueprintItem: MetalShardItem]|False|Medium|1|True||Grande hache|[Equipment]|Greataxe|False|[]|Kingmaker.Blueprints.Items.Weapons.WeaponVisualParameters|12
Weapon|null|null|False|2fff2921851568a4d80ed52f76cccdb6|2fff2921851568a4d80ed52f76cccdb6|Strength|2 pieds.|Melee|2d6|True|1|Greatsword|1||[]|50|False|0|X2|19|2d6|Slashing damage|11||Épée à deux mains||True|False|[]|[]|null|[]|[]|BladesHeavy||0|False|False|False|False|False|GreatswordBandits (UnityEngine.Sprite)|0|SwordEquip|SwordLargePut|SwordLargeTake|False|False|False|False|False|True|False|False|False|False|False|False|True|False|Weapon|False|[]|False|False|0|Slashing damage|[]|False|False|False|False|False||Medium|5f824fbb0766a3543bbd6ae50248688f|Kingmaker.Blueprints.Items.Weapons.WeaponVisualParameters|0|None|StandardGreatsword|Épée à deux mains|StandardGreatsword|False||Épée à deux mains|null|False|null|12|[BlueprintItem: MetalShardItem]|False|Medium|1|True||Épée à deux mains|[Equipment]|Greatsword|False|[]|Kingmaker.Blueprints.Items.Weapons.WeaponVisualParameters|8
Weapon|null|null|False|7f7c8e1e4fdd99e438b30ed9622e9e3f|7f7c8e1e4fdd99e438b30ed9622e9e3f|Strength|2 pieds.|Melee|1d10|True|1|HeavyFlail|1||[]|16|False|0|X2|19|1d10|Bludgeoning damage|11||Fléau d'armes lourd||True|False|[]|[]|null|[]|[]|Flails, Hammers||0|False|False|False|False|False|FlailHeavyArmy (UnityEngine.Sprite)|0|FlailEquip|FlailPut|FlailTake|False|False|False|False|False|True|False|False|False|False|False|False|True|False|Weapon|False|[]|False|False|0|Slashing damage|[]|False|False|False|False|False||Medium|8fefb7e0da38b06408f185e29372c703|Kingmaker.Blueprints.Items.Weapons.WeaponVisualParameters|0|None|StandardHeavyFlail|Fléau d'armes lourd|StandardHeavyFlail|False||Fléau d'armes lourd|null|False|null|4|[BlueprintItem: MetalShardItem]|False|Medium|1|True||Fléau d'armes lourd|[Equipment]|HeavyFlail|False|[]|Kingmaker.Blueprints.Items.Weapons.WeaponVisualParameters|10
Weapon|null|null|False|1052a1f7128861942aa0c2ee6078531e|1052a1f7128861942aa0c2ee6078531e|Strength|2 pieds.|Melee|2d4|True|1|Scythe|1||[]|20|False|0|X4|20|2d4|Piercing, Slashing damage|11||Faux||True|False|[]|[]|null|[]|[]|BladesHeavy||0|False|False|False|False|False|ScytheCommon (UnityEngine.Sprite)|0|SwordEquip|SpearPut|SpearTake|False|False|False|False|False|True|False|False|False|False|False|False|True|False|Weapon|False|[]|False|False|0|Slashing damage|[]|False|False|False|False|False||Medium|4eacfc7e152930a45a1a16217c35011c|Kingmaker.Blueprints.Items.Weapons.WeaponVisualParameters|0|None|StandardScythe|Faux|StandardScythe|False||Faux|null|False|null|5|[BlueprintItem: MetalShardItem]|False|Medium|1|True||Faux|[Equipment]|Scythe|False|[]|Kingmaker.Blueprints.Items.Weapons.WeaponVisualParameters|10
Weapon|null|null|False|aa514dbf4c3d61f4e9c0738bd4d373cb|aa514dbf4c3d61f4e9c0738bd4d373cb|Strength|2 pieds.|Melee|1d4|True|1|Dagger|1||[]|4|False|0|X2|19|1d4|Piercing, Slashing damage|11||Dague||True|False|[]|[]|null|[]|[]|BladesLight, Thrown||0|False|False|False|False|False|DaggerCommon (UnityEngine.Sprite)|0|SwordEquip|DaggerPut|DaggerTake|False|False|True|False|False|True|False|False|False|False|False|False|False|False|Weapon|False|[]|False|False|0|Slashing damage|[]|False|False|False|False|False||Medium|07cc1a7fceaee5b42b3e43da960fe76d|Kingmaker.Blueprints.Items.Weapons.WeaponVisualParameters|0|None|StandardDagger|Dague|StandardDagger|False||Dague|null|False|null|1|[BlueprintItem: MetalShardItem]|False|Medium|1|True||Dague|[Equipment]|Dagger|False|[]|Kingmaker.Blueprints.Items.Weapons.WeaponVisualParameters|1
Weapon|null|null|False|355659b342d28e641bf29fe6d8084d19|355659b342d28e641bf29fe6d8084d19|Strength|2 pieds.|Melee|1d6|True|1|LightMace|1||[]|4|False|0|X2|20|1d6|Bludgeoning damage|11||Masse d'armes légère||True|False|[]|[]|null|[]|[]|Hammers||0|False|False|False|False|False|MaceLightCommonNormal (UnityEngine.Sprite)|0|SwordEquip|AxePut|AxeTake|False|False|True|False|False|True|False|False|False|False|False|False|False|False|Weapon|False|[]|False|False|0|Slashing damage|[]|False|False|False|False|False||Medium|cf3e703db4b81904e982a66d7b8474ea|Kingmaker.Blueprints.Items.Weapons.WeaponVisualParameters|0|None|StandardLightMace|Masse d'armes légère|StandardLightMace|False||Masse d'armes légère|null|False|null|1|[BlueprintItem: MetalShardItem]|False|Medium|1|True||Masse d'armes légère|[Equipment]|LightMace|False|[]|Kingmaker.Blueprints.Items.Weapons.WeaponVisualParameters|4
Weapon|null|null|False|43ff56218554d8547840e7659816db5e|43ff56218554d8547840e7659816db5e|Strength|2 pieds.|Melee|1d4|True|1|PunchingDagger|1||[]|4|False|0|X3|20|1d4|Piercing damage|11||Dague coup-de-poing||True|False|[]|[]|null|[]|[]|Close||0|False|False|False|False|False|DaggerPunchingThievesMasterwork (UnityEngine.Sprite)|0|SwordEquip|DaggerPut|DaggerTake|False|False|True|False|False|True|False|False|False|False|False|False|False|False|Weapon|False|[]|False|False|0|Slashing damage|[]|False|False|False|False|False||Medium|89dc4dc5f386e2049b5e0a5e209a3407|Kingmaker.Blueprints.Items.Weapons.WeaponVisualParameters|0|None|StandardPunchingDagger|Dague coup-de-poing|StandardPunchingDagger|False||Dague coup-de-poing|null|False|null|1|[BlueprintItem: MetalShardItem]|False|Medium|1|True||Dague coup-de-poing|[Equipment]|PunchingDagger|False|[]|Kingmaker.Blueprints.Items.Weapons.WeaponVisualParameters|1
Weapon|null|null|False|bfe24b51e4d943a42b0976aaee7e1b7c|bfe24b51e4d943a42b0976aaee7e1b7c|Strength|2 pieds.|Melee|1d6|True|1|Sickle|1||[]|8|False|0|X2|20|1d6|Slashing damage|11||Serpe||True|False|[]|[]|null|[]|[]|BladesLight||0|False|False|False|False|False|SickleCommon (UnityEngine.Sprite)|0|SwordEquip|DaggerPut|DaggerTake|False|False|True|False|False|True|False|False|False|False|False|False|False|False|Weapon|False|[]|False|False|0|Slashing damage|[]|False|False|False|False|False||Medium|ec2da496c7936e14c9a28ce616a6b4cd|Kingmaker.Blueprints.Items.Weapons.WeaponVisualParameters|0|None|StandardSickle|Serpe|StandardSickle|False||Serpe|null|False|null|2|[BlueprintItem: MetalShardItem]|False|Medium|1|True||Serpe|[Equipment]|Sickle|False|[]|Kingmaker.Blueprints.Items.Weapons.WeaponVisualParameters|2
Weapon|null|null|False|07863393521453a4da9e98626531eb5f|07863393521453a4da9e98626531eb5f|Strength|2 pieds.|Melee|1d6|True|1|Club|1||[]|4|False|0|X2|20|1d6|Bludgeoning damage|11||Gourdin||True|False|[]|[]|null|[]|[]|Hammers||0|False|False|False|False|False|ClubBanditsNormal (UnityEngine.Sprite)|0|WeaponWoodEquip|WeaponWoodTake|WeaponWoodPut|False|False|False|False|False|True|False|False|False|False|False|False|False|False|Weapon|False|[]|False|False|0|Slashing damage|[]|False|False|False|False|False||Medium|26aa0672af2c7d84ba93bec37758c712|Kingmaker.Blueprints.Items.Weapons.WeaponVisualParameters|0|None|StandardClub|Gourdin|StandardClub|False||Gourdin|null|False|null|1|[BlueprintItem: WoodShardItem]|False|Medium|1|True||Gourdin|[Equipment]|Club|False|[]|Kingmaker.Blueprints.Items.Weapons.WeaponVisualParameters|3
Weapon|null|null|False|766689ccb57d9eb4f8fc88e2e85a919f|766689ccb57d9eb4f8fc88e2e85a919f|Strength|2 pieds.|Melee|1d8|True|1|HeavyMace|1||[]|12|False|0|X2|20|1d8|Bludgeoning damage|11||Masse d'armes lourde||True|False|[]|[]|null|[]|[]|Hammers||0|False|False|False|False|False|MaceHeavyBandits (UnityEngine.Sprite)|0|SwordEquip|AxePut|AxeTake|False|False|False|False|False|True|False|False|False|False|False|False|False|False|Weapon|False|[]|False|False|0|Slashing damage|[]|False|False|False|False|False||Medium|d5a167f0f0208dd439ec7481e8989e21|Kingmaker.Blueprints.Items.Weapons.WeaponVisualParameters|0|None|StandardHeavyMace|Masse d'armes lourde|StandardHeavyMace|False||Masse d'armes lourde|null|False|null|3|[BlueprintItem: MetalShardItem]|False|Medium|1|True||Masse d'armes lourde|[Equipment]|HeavyMace|False|[]|Kingmaker.Blueprints.Items.Weapons.WeaponVisualParameters|6
Weapon|null|null|False|926d02c8af0352b46874791d4de9764f|926d02c8af0352b46874791d4de9764f|Strength|2 pieds.|Melee|1d6|True|1|Shortspear|1||[]|4|False|0|X2|20|1d6|Piercing damage|11||Épieu||True|False|[]|[]|null|[]|[]|Spears, Thrown||0|False|False|False|False|False|SpearShortCommon_RB_3 (UnityEngine.Sprite)|0|SwordEquip|SpearPut|SpearTake|False|False|False|False|False|True|False|False|False|False|False|False|False|False|Weapon|False|[]|False|False|0|Slashing damage|[]|False|False|False|False|False||Medium|cf72040b79c99504785976b28d54b2b7|Kingmaker.Blueprints.Items.Weapons.WeaponVisualParameters|0|None|StandardShortspear|Épieu|StandardShortspear|False||Épieu|null|False|null|1|[BlueprintItem: MetalShardItem]|False|Medium|1|True||Épieu|[Equipment]|Shortspear|False|[]|Kingmaker.Blueprints.Items.Weapons.WeaponVisualParameters|3
Weapon|null|null|False|a20308f698383b744bb459847333d64b|a20308f698383b744bb459847333d64b|Dexterity|20 pieds.|Ranged|1d4|True|1|Dart|1||[]|4|False|0|X2|20|1d4|Piercing damage|11||Fléchette||True|False|[]|[StrengthThrown]|null|[]|[]|Thrown||0|False|False|False|False|False|DartsNormal_LT_6 (UnityEngine.Sprite)|0|CommonPut|CommonPut|CommonTake|False|False|True|False|False|False|False|False|False|False|False|True|False|False|Weapon|False|[]|False|False|0|Slashing damage|[]|False|False|False|False|False||Medium|f415ae950523a7843a74d7780dd551af|Kingmaker.Blueprints.Items.Weapons.WeaponVisualParameters|0|None|StandardDart|Fléchette|StandardDart|False||Fléchette|null|False|null|1|[BlueprintItem: MetalShardItem]|False|Medium|1|True||Fléchette|[Equipment]|Dart|False|[]|Kingmaker.Blueprints.Items.Weapons.WeaponVisualParameters|0,5
Weapon|null|null|False|19a5092244dcf99478dcd73c974828b1|19a5092244dcf99478dcd73c974828b1|Dexterity|50 pieds.|Ranged|1d10|True|1|HeavyCrossbow|1||[]|52|False|0|X2|19|1d10|Piercing damage|11||Arbalète lourde||True|False|[]|[]|null|[]|[]|Crossbows||0|False|False|False|False|False|CrossbowHeavyArmy (UnityEngine.Sprite)|0|BowEquip|CrossbowPut|CrossbowTake|False|False|False|False|False|False|False|False|False|False|False|True|True|False|Weapon|False|[]|False|False|0|Slashing damage|[]|False|False|False|False|False||Medium|36d0551b8a28587438a47fcbbf53c083|Kingmaker.Blueprints.Items.Weapons.WeaponVisualParameters|0|None|StandardHeavyCrossbow|Arbalète lourde|StandardHeavyCrossbow|False||Arbalète lourde|null|False|null|13|[BlueprintItem: WoodShardItem]|False|Medium|1|True||Arbalète lourde|[Equipment]|HeavyCrossbow|False|[]|Kingmaker.Blueprints.Items.Weapons.WeaponVisualParameters|8
Weapon|null|null|False|c73e20a04b9cae74ca0d5affffeebd34|c73e20a04b9cae74ca0d5affffeebd34|Dexterity|30 pieds.|Ranged|1d6|True|1|Javelin|1||[]|4|False|0|X2|20|1d6|Piercing damage|11||Javeline||True|False|[]|[StrengthThrown]|null|[]|[]|Spears, Thrown||0|False|False|False|False|False|JavelinArmyNormal_RB_3 (UnityEngine.Sprite)|0|WeaponWoodEquip|WeaponWoodPut|WeaponWoodTake|False|False|False|False|False|False|False|False|False|False|False|True|False|False|Weapon|False|[]|False|False|0|Slashing damage|[]|False|False|False|False|False||Medium|a70cea34b275522458654beb3c53fe3f|Kingmaker.Blueprints.Items.Weapons.WeaponVisualParameters|0|None|StandardJavelin|Javeline|StandardJavelin|False||Javeline|null|False|null|1|[BlueprintItem: MetalShardItem]|False|Medium|1|True||Javeline|[Equipment]|Javelin|False|[]|Kingmaker.Blueprints.Items.Weapons.WeaponVisualParameters|2
Weapon|null|null|False|511c97c1ea111444aa186b1a58496664|511c97c1ea111444aa186b1a58496664|Dexterity|50 pieds.|Ranged|1d8|True|1|LightCrossbow|1||[]|36|False|0|X2|19|1d8|Piercing damage|11||Arbalète légère||True|False|[]|[]|null|[]|[]|Crossbows||0|False|False|False|False|False|TH_CrossbowLightArmy_Normal_RB_4 (UnityEngine.Sprite)|0|BowEquip|CrossbowPut|CrossbowTake|False|False|False|False|False|False|False|False|False|False|False|True|True|False|Weapon|False|[]|False|False|0|Slashing damage|[]|False|False|False|False|False||Medium|d525e7a6d8d5aa648a976ac41194b8d0|Kingmaker.Blueprints.Items.Weapons.WeaponVisualParameters|0|None|StandardLightCrossbow|Arbalète légère|StandardLightCrossbow|False||Arbalète légère|null|False|null|9|[BlueprintItem: WoodShardItem]|False|Medium|1|True||Arbalète légère|[Equipment]|LightCrossbow|False|[]|Kingmaker.Blueprints.Items.Weapons.WeaponVisualParameters|4
Weapon|null|null|False|c926ffbdccc4d124c8e8dedfe2e6f499|c926ffbdccc4d124c8e8dedfe2e6f499|Strength|2 pieds.|Melee|1d10|True|1|Greatclub|1||[]|75|False|0|X2|20|1d10|Bludgeoning damage|11||Massue||True|False|[]|[]|null|[]|[]|Hammers||0|False|False|False|False|False|GreatclubBarbarianNormal_LT_4 (UnityEngine.Sprite)|0|WeaponWoodEquip|WeaponWoodPut|WeaponWoodTake|False|False|False|False|False|True|False|False|False|False|False|False|True|False|Weapon|False|[]|False|False|0|Slashing damage|[]|False|False|False|False|False||Medium|1b8c24cd1f9358c48839bb39266468c3|Kingmaker.Blueprints.Items.Weapons.WeaponVisualParameters|0|None|StandardGreatclub|Massue|StandardGreatclub|False||Massue|null|False|null|18|[BlueprintItem: WoodShardItem]|False|Medium|1|True||Massue|[Equipment]|Greatclub|False|[]|Kingmaker.Blueprints.Items.Weapons.WeaponVisualParameters|8
Weapon|null|null|False|f28f6031c2908d84d945865a80f67177|f28f6031c2908d84d945865a80f67177|Strength|6 pieds.|Melee|1d8|True|1|Longspear|1||[]|4|False|0|X3|20|1d8|Piercing damage|11||Lance longue||True|False|[]|[]|null|[]|[]|Spears||0|False|False|False|False|False|LongspearKnight1 (UnityEngine.Sprite)|0|SwordEquip|SpearPut|SpearTake|False|False|False|False|False|True|False|False|False|False|False|False|True|False|Weapon|False|[]|False|False|0|Slashing damage|[]|False|False|False|False|False||Medium|fa2dd17cbde7d3f4aa918d467c30516e|Kingmaker.Blueprints.Items.Weapons.WeaponVisualParameters|0|None|StandardLongspear|Lance longue|StandardLongspear|False||Lance longue|null|False|null|1|[BlueprintItem: MetalShardItem]|False|Medium|1|True||Lance longue|[Equipment]|Longspear|False|[]|Kingmaker.Blueprints.Items.Weapons.WeaponVisualParameters|9
Weapon|null|null|False|ada85dae8d12eda4bbe6747bb8b5883c|ada85dae8d12eda4bbe6747bb8b5883c|Strength|2 pieds.|Melee|1d6|True|1|Quarterstaff|1||[]|4|False|0|X2|20|1d6|Bludgeoning damage|11||Bâton||True|False|[]|[]|null|[]|[]|Double, Monk||0|False|False|False|False|False|QuarterstaffMonkMasterwork_LT_3 (UnityEngine.Sprite)|0|WeaponWoodEquip|WeaponWoodPut|WeaponWoodTake|False|False|False|False|False|True|True|False|False|False|False|False|True|False|Weapon|False|[]|False|False|0|Slashing damage|[]|False|False|False|False|False||Medium|629736dabac7f9f4a819dc854eaed2d6|Kingmaker.Blueprints.Items.Weapons.WeaponVisualParameters|0|None|StandardQuarterstaff|Bâton|StandardQuarterstaff|False||Bâton|null|False|null|1|[BlueprintItem: WoodShardItem]|False|Medium|1|True||Bâton|[Equipment]|Quarterstaff|False|[]|Kingmaker.Blueprints.Items.Weapons.WeaponVisualParameters|4
Weapon|null|null|False|4abc27631e2894f4b8b70270e31694f1|4abc27631e2894f4b8b70270e31694f1|Strength|2 pieds.|Melee|1d8|True|1|Spear|1||[]|4|False|0|X3|20|1d8|Piercing damage|11||Lance||True|False|[]|[]|null|[]|[]|Spears||0|False|False|False|False|False|SpearArmy_RB_3 (UnityEngine.Sprite)|0|SwordEquip|SpearPut|SpearTake|False|False|False|False|False|True|False|False|False|False|False|False|True|False|Weapon|False|[]|False|False|0|Slashing damage|[]|False|False|False|False|False||Medium|4b289eccefe6d704093201e52eb6d123|Kingmaker.Blueprints.Items.Weapons.WeaponVisualParameters|0|None|StandardSpear|Lance|StandardSpear|False||Lance|null|False|null|1|[BlueprintItem: MetalShardItem]|False|Medium|1|True||Lance|[Equipment]|Spear|False|[]|Kingmaker.Blueprints.Items.Weapons.WeaponVisualParameters|6
